{"cameraMode":{"drawMode":0,"name":"Shaded","section":"Shading Mode"},"sceneLighting":false,"audioPlay":false,"sceneViewState":{"showFog":true,"showMaterialUpdate":false,"showSkybox":true,"showFlares":true,"showImageEffects":true,"showParticleSystems":true},"in2DMode":false,"pivot":{"x":0.030009984970092775,"y":1.5199999809265137,"z":18.119998931884767},"rotation":{"x":-0.17561909556388856,"y":0.8019117712974548,"z":-0.2843964397907257,"w":-0.4951927363872528},"size":59.98952102661133,"orthographic":false}