{"cameraMode":{"drawMode":0,"name":"Shaded","section":"Shading Mode"},"sceneLighting":true,"audioPlay":false,"sceneViewState":{"showFog":true,"showMaterialUpdate":false,"showSkybox":true,"showFlares":true,"showImageEffects":true,"showParticleSystems":true},"in2DMode":false,"pivot":{"x":10.889758110046387,"y":18.501405715942384,"z":19.79595184326172},"rotation":{"x":-0.17561909556388856,"y":0.8019117712974548,"z":-0.2843964397907257,"w":-0.4951927363872528},"size":-11.538677215576172,"orthographic":false}