{"cameraMode":{"drawMode":0,"name":"Shaded","section":"Shading Mode"},"sceneLighting":false,"audioPlay":false,"sceneViewState":{"showFog":true,"showMaterialUpdate":false,"showSkybox":true,"showFlares":true,"showImageEffects":true,"showParticleSystems":true},"in2DMode":false,"pivot":{"x":17.77499771118164,"y":0.824999988079071,"z":24.426002502441408},"rotation":{"x":-0.08448227494955063,"y":0.6873611211776733,"z":-0.08100173622369766,"w":-0.7168322205543518},"size":101.59234619140625,"orthographic":false}