{"cameraMode":{"drawMode":0,"name":"Shaded","section":"Shading Mode"},"sceneLighting":false,"audioPlay":false,"sceneViewState":{"showFog":true,"showMaterialUpdate":false,"showSkybox":true,"showFlares":true,"showImageEffects":true,"showParticleSystems":true},"in2DMode":false,"pivot":{"x":0.10001802444458008,"y":0.9494880437850952,"z":-0.4635853171348572},"rotation":{"x":-0.39071962237358096,"y":-0.4734034538269043,"z":0.2466442734003067,"w":-0.7499361634254456},"size":5.755424976348877,"orthographic":false}