{"cameraMode":{"drawMode":0,"name":"Shaded","section":"Shading Mode"},"sceneLighting":true,"audioPlay":false,"sceneViewState":{"showFog":true,"showMaterialUpdate":false,"showSkybox":true,"showFlares":true,"showImageEffects":true,"showParticleSystems":true},"in2DMode":false,"pivot":{"x":18.37489128112793,"y":2.116548538208008,"z":14.277994155883789},"rotation":{"x":-0.25790441036224368,"y":-0.6216447353363037,"z":0.2278388887643814,"w":-0.7036678194999695},"size":25.639570236206056,"orthographic":false}