{"cameraMode":{"drawMode":0,"name":"Shaded","section":"Shading Mode"},"sceneLighting":false,"audioPlay":false,"sceneViewState":{"showFog":true,"showMaterialUpdate":false,"showSkybox":true,"showFlares":true,"showImageEffects":true,"showParticleSystems":true},"in2DMode":false,"pivot":{"x":4.915000915527344,"y":0.4849998950958252,"z":24.560001373291017},"rotation":{"x":-0.17561909556388856,"y":0.8019117712974548,"z":-0.2843964397907257,"w":-0.4951927363872528},"size":29.849077224731447,"orthographic":false}