{"cameraMode":{"drawMode":0,"name":"Shaded","section":"Shading Mode"},"sceneLighting":true,"audioPlay":false,"sceneViewState":{"showFog":true,"showMaterialUpdate":false,"showSkybox":true,"showFlares":true,"showImageEffects":true,"showParticleSystems":true},"in2DMode":false,"pivot":{"x":-10.188671112060547,"y":11.780353546142579,"z":14.569646835327149},"rotation":{"x":0.2246084362268448,"y":0.6847778558731079,"z":-0.23593899607658387,"w":0.6518924832344055},"size":-1.9237163066864014,"orthographic":false}