{"cameraMode":{"drawMode":0,"name":"Shaded","section":"Shading Mode"},"sceneLighting":false,"audioPlay":false,"sceneViewState":{"showFog":true,"showMaterialUpdate":false,"showSkybox":true,"showFlares":true,"showImageEffects":true,"showParticleSystems":true},"in2DMode":false,"pivot":{"x":15.640002250671387,"y":0.3799999952316284,"z":26.730003356933595},"rotation":{"x":0.16297069191932679,"y":0.7335297465324402,"z":-0.1891065537929535,"w":0.6321502327919006},"size":33.90055465698242,"orthographic":false}