{"cameraMode":{"drawMode":0,"name":"Shaded","section":"Shading Mode"},"sceneLighting":false,"audioPlay":false,"sceneViewState":{"showFog":true,"showMaterialUpdate":false,"showSkybox":true,"showFlares":true,"showImageEffects":true,"showParticleSystems":true},"in2DMode":false,"pivot":{"x":17.77499771118164,"y":0.824999988079071,"z":24.426002502441408},"rotation":{"x":0.2246084362268448,"y":0.6847778558731079,"z":-0.23593899607658387,"w":0.6518924832344055},"size":101.59234619140625,"orthographic":false}