{"cameraMode":{"drawMode":0,"name":"Shaded","section":"Shading Mode"},"sceneLighting":false,"audioPlay":false,"sceneViewState":{"showFog":true,"showMaterialUpdate":false,"showSkybox":true,"showFlares":true,"showImageEffects":true,"showParticleSystems":true},"in2DMode":false,"pivot":{"x":10.950000762939454,"y":0.3799999952316284,"z":11.080002784729004},"rotation":{"x":0.16297069191932679,"y":0.7335297465324402,"z":-0.1891065537929535,"w":0.6321502327919006},"size":166.34832763671876,"orthographic":false}