{"cameraMode":{"drawMode":0,"name":"Shaded","section":"Shading Mode"},"sceneLighting":true,"audioPlay":false,"sceneViewState":{"showFog":true,"showMaterialUpdate":false,"showSkybox":true,"showFlares":true,"showImageEffects":true,"showParticleSystems":true},"in2DMode":false,"pivot":{"x":-7.364616394042969,"y":9.6251859664917,"z":15.515960693359375},"rotation":{"x":0.23472248017787934,"y":0.4237639307975769,"z":-0.11468810588121414,"w":0.8672813177108765},"size":45.842559814453128,"orthographic":false}